﻿<?xml version="1.0" encoding="utf-8" standalone="no"?>
<multimarker markers="28">
  <marker index="0" status="2">
    <corner x="-162" y="56.7" z="0" />
    <corner x="-129.6" y="56.7" z="0" />
    <corner x="-129.6" y="89.10001" z="0" />
    <corner x="-162" y="89.10001" z="0" />
  </marker>
  <marker index="1" status="2">
    <corner x="-113.4" y="56.7" z="0" />
    <corner x="-81" y="56.7" z="0" />
    <corner x="-81" y="89.10001" z="0" />
    <corner x="-113.4" y="89.10001" z="0" />
  </marker>
  <marker index="2" status="2">
    <corner x="-64.8" y="56.7" z="0" />
    <corner x="-32.4" y="56.7" z="0" />
    <corner x="-32.4" y="89.10001" z="0" />
    <corner x="-64.8" y="89.10001" z="0" />
  </marker>
  <marker index="3" status="2">
    <corner x="-16.2" y="56.7" z="0" />
    <corner x="16.2" y="56.7" z="0" />
    <corner x="16.2" y="89.10001" z="0" />
    <corner x="-16.2" y="89.10001" z="0" />
  </marker>
  <marker index="4" status="2">
    <corner x="32.4" y="56.7" z="0" />
    <corner x="64.8" y="56.7" z="0" />
    <corner x="64.8" y="89.10001" z="0" />
    <corner x="32.4" y="89.10001" z="0" />
  </marker>
  <marker index="5" status="2">
    <corner x="81" y="56.7" z="0" />
    <corner x="113.4" y="56.7" z="0" />
    <corner x="113.4" y="89.10001" z="0" />
    <corner x="81" y="89.10001" z="0" />
  </marker>
  <marker index="6" status="2">
    <corner x="129.6" y="56.7" z="0" />
    <corner x="162" y="56.7" z="0" />
    <corner x="162" y="89.10001" z="0" />
    <corner x="129.6" y="89.10001" z="0" />
  </marker>
  <marker index="7" status="2">
    <corner x="-162" y="8.099998" z="0" />
    <corner x="-129.6" y="8.099998" z="0" />
    <corner x="-129.6" y="40.5" z="0" />
    <corner x="-162" y="40.5" z="0" />
  </marker>
  <marker index="8" status="2">
    <corner x="-113.4" y="8.099998" z="0" />
    <corner x="-81" y="8.099998" z="0" />
    <corner x="-81" y="40.5" z="0" />
    <corner x="-113.4" y="40.5" z="0" />
  </marker>
  <marker index="9" status="2">
    <corner x="-64.8" y="8.099998" z="0" />
    <corner x="-32.4" y="8.099998" z="0" />
    <corner x="-32.4" y="40.5" z="0" />
    <corner x="-64.8" y="40.5" z="0" />
  </marker>
  <marker index="10" status="2">
    <corner x="-16.2" y="8.099998" z="0" />
    <corner x="16.2" y="8.099998" z="0" />
    <corner x="16.2" y="40.5" z="0" />
    <corner x="-16.2" y="40.5" z="0" />
  </marker>
  <marker index="11" status="2">
    <corner x="32.4" y="8.099998" z="0" />
    <corner x="64.8" y="8.099998" z="0" />
    <corner x="64.8" y="40.5" z="0" />
    <corner x="32.4" y="40.5" z="0" />
  </marker>
  <marker index="12" status="2">
    <corner x="81" y="8.099998" z="0" />
    <corner x="113.4" y="8.099998" z="0" />
    <corner x="113.4" y="40.5" z="0" />
    <corner x="81" y="40.5" z="0" />
  </marker>
  <marker index="13" status="2">
    <corner x="129.6" y="8.099998" z="0" />
    <corner x="162" y="8.099998" z="0" />
    <corner x="162" y="40.5" z="0" />
    <corner x="129.6" y="40.5" z="0" />
  </marker>
  <marker index="14" status="2">
    <corner x="-162" y="-40.5" z="0" />
    <corner x="-129.6" y="-40.5" z="0" />
    <corner x="-129.6" y="-8.1" z="0" />
    <corner x="-162" y="-8.1" z="0" />
  </marker>
  <marker index="15" status="2">
    <corner x="-113.4" y="-40.5" z="0" />
    <corner x="-81" y="-40.5" z="0" />
    <corner x="-81" y="-8.1" z="0" />
    <corner x="-113.4" y="-8.1" z="0" />
  </marker>
  <marker index="16" status="2">
    <corner x="-64.8" y="-40.5" z="0" />
    <corner x="-32.4" y="-40.5" z="0" />
    <corner x="-32.4" y="-8.1" z="0" />
    <corner x="-64.8" y="-8.1" z="0" />
  </marker>
  <marker index="17" status="2">
    <corner x="-16.2" y="-40.5" z="0" />
    <corner x="16.2" y="-40.5" z="0" />
    <corner x="16.2" y="-8.1" z="0" />
    <corner x="-16.2" y="-8.1" z="0" />
  </marker>
  <marker index="18" status="2">
    <corner x="32.4" y="-40.5" z="0" />
    <corner x="64.8" y="-40.5" z="0" />
    <corner x="64.8" y="-8.1" z="0" />
    <corner x="32.4" y="-8.1" z="0" />
  </marker>
  <marker index="19" status="2">
    <corner x="81" y="-40.5" z="0" />
    <corner x="113.4" y="-40.5" z="0" />
    <corner x="113.4" y="-8.1" z="0" />
    <corner x="81" y="-8.1" z="0" />
  </marker>
  <marker index="20" status="2">
    <corner x="129.6" y="-40.5" z="0" />
    <corner x="162" y="-40.5" z="0" />
    <corner x="162" y="-8.1" z="0" />
    <corner x="129.6" y="-8.1" z="0" />
  </marker>
  <marker index="21" status="2">
    <corner x="-162" y="-89.10001" z="0" />
    <corner x="-129.6" y="-89.10001" z="0" />
    <corner x="-129.6" y="-56.7" z="0" />
    <corner x="-162" y="-56.7" z="0" />
  </marker>
  <marker index="22" status="2">
    <corner x="-113.4" y="-89.10001" z="0" />
    <corner x="-81" y="-89.10001" z="0" />
    <corner x="-81" y="-56.7" z="0" />
    <corner x="-113.4" y="-56.7" z="0" />
  </marker>
  <marker index="23" status="2">
    <corner x="-64.8" y="-89.10001" z="0" />
    <corner x="-32.4" y="-89.10001" z="0" />
    <corner x="-32.4" y="-56.7" z="0" />
    <corner x="-64.8" y="-56.7" z="0" />
  </marker>
  <marker index="24" status="2">
    <corner x="-16.2" y="-89.10001" z="0" />
    <corner x="16.2" y="-89.10001" z="0" />
    <corner x="16.2" y="-56.7" z="0" />
    <corner x="-16.2" y="-56.7" z="0" />
  </marker>
  <marker index="25" status="2">
    <corner x="32.4" y="-89.10001" z="0" />
    <corner x="64.8" y="-89.10001" z="0" />
    <corner x="64.8" y="-56.7" z="0" />
    <corner x="32.4" y="-56.7" z="0" />
  </marker>
  <marker index="26" status="2">
    <corner x="81" y="-89.10001" z="0" />
    <corner x="113.4" y="-89.10001" z="0" />
    <corner x="113.4" y="-56.7" z="0" />
    <corner x="81" y="-56.7" z="0" />
  </marker>
  <marker index="27" status="2">
    <corner x="129.6" y="-89.10001" z="0" />
    <corner x="162" y="-89.10001" z="0" />
    <corner x="162" y="-56.7" z="0" />
    <corner x="129.6" y="-56.7" z="0" />
  </marker>
</multimarker>