﻿<?xml version="1.0" encoding="utf-8" ?>
<MarkerLayout width="400" height="400" pixelPerInch="10" center="60, 60">
  <Coordframe name="" >
    <Marker id="0" image="raw_markers/ALVAR/MarkerData_0.png" upperLeftCorner="60,60" />
    <Marker id="1" image="raw_markers/ALVAR/MarkerData_1.png" upperLeftCorner="60,232" />
    <Marker id="2" image="raw_markers/ALVAR/MarkerData_2.png" upperLeftCorner="232,60" />
    <Marker id="3" image="raw_markers/ALVAR/MarkerData_3.png" upperLeftCorner="232,232" />
  </Coordframe>
  <OutputImage name="ALVARArrayFromXML.gif" />
  <OutputConfig name="ALVARConfigFromXML.xml"/>
</MarkerLayout>